edge_id,sample_index,start_node,end_node,x_mm,y_mm,z_mm,ray_residual_mm,view_a_y,view_a_x,view_b_y,view_b_x
ostium_to_C0,0,ostium,C0,-24.43987059646229,-45.336688928035315,-13.465873950954716,13.678202250454353,58.0,77.0,77.0,196.0
ostium_to_C0,1,ostium,C0,-24.42579637940816,-45.30825495521407,-13.429435490853567,13.425732602491799,58.0,78.1497897339177,77.87506905708484,195.12493094291517
ostium_to_C0,2,ostium,C0,-24.38477104283563,-45.216944343628015,-13.319649267106492,13.208614926536402,58.21183467321066,79.21183467321066,78.75013811416969,194.2498618858303
ostium_to_C0,3,ostium,C0,-24.320632621715465,-45.05548994523812,-13.190168283095606,13.076447385343515,59.0,80.03515563938,79.88417646088108,194.0
ostium_to_C0,4,ostium,C0,-24.222682262232244,-44.88029741632539,-13.056523512447724,12.807045098792345,59.0,81.18494537329768,81.12171098942349,194.0
ostium_to_C0,5,ostium,C0,-24.09568419477373,-44.664481135582854,-12.90223669496089,12.537517974302451,59.0,82.33473510721538,82.35924551796592,194.0
ostium_to_C0,6,ostium,C0,-23.939671347441347,-44.40810514381087,-12.727445953007333,12.267866219397591,59.0,83.48452484113307,83.59678004650834,194.0
ostium_to_C0,7,ostium,C0,-23.756845525129865,-44.07293655819933,-12.40943100993357,12.00897003764398,59.0,84.63431457505077,84.58994949366117,193.41005050633885
ostium_to_C0,8,ostium,C0,-23.656760689369147,-43.90427970016337,-12.252144893602406,11.746566045710322,59.0,85.78410430896845,85.65763554122009,193.0
ostium_to_C0,9,ostium,C0,-23.5552454098014,-43.76239835593334,-12.180596662702072,11.476473895608631,59.0,86.93389404288615,86.89517006976251,193.0
ostium_to_C0,10,ostium,C0,-23.45380782806696,-43.62066803650265,-12.109372665861002,11.206257853117334,59.0,88.08368377680384,88.13270459830493,193.0
ostium_to_C0,11,ostium,C0,-23.35244822824289,-43.47908924645186,-12.038473468450434,10.935918129100052,59.0,89.23347351072154,89.37023912684735,193.0
ostium_to_C0,12,ostium,C0,-23.274291001913472,-43.38462309740132,-12.000416550926445,10.641364267744017,58.72899196073604,90.27100803926396,90.60777365538978,193.0
ostium_to_C0,13,ostium,C0,-23.237407386354093,-43.330736321317616,-11.892900997015403,10.316824152668662,58.0,91.11883941618383,91.59772314905094,192.40227685094905
ostium_to_C0,14,ostium,C0,-23.13769721472435,-43.16339287278031,-11.738954584216629,10.053360284445086,58.0,92.26862915010153,92.66862915010152,192.0
ostium_to_C0,15,ostium,C0,-23.036677382859224,-43.02248562520049,-11.66939352888022,9.782527086293241,58.0,93.41841888401922,93.90616367864394,192.0
ostium_to_C0,16,ostium,C0,-22.93573694329823,-42.88173242915866,-11.600160196649682,9.511571306820372,58.0,94.56820861793692,95.14369820718636,192.0
ostium_to_C0,17,ostium,C0,-22.834876181005463,-42.741133789665014,-11.531255149609592,9.240493160839057,58.0,95.7179983518546,96.38123273572879,192.0
ostium_to_C0,18,ostium,C0,-22.734095381104257,-42.60069021181796,-11.462678949284054,8.969292863808386,58.0,96.8677880857723,97.61876726427121,192.0
ostium_to_C0,19,ostium,C0,-22.63339482887674,-42.46040220080451,-11.394432156639056,8.697970631833398,58.0,98.01757781968999,98.85630179281362,192.0
ostium_to_C0,20,ostium,C0,-22.532984564387377,-42.315900508256874,-11.31259912205499,8.427690231712015,58.0,99.16736755360769,100.06635229915247,191.93364770084753
ostium_to_C0,21,ostium,C0,-22.43517332816294,-42.11821428159074,-11.061341545186195,8.171408490021207,58.0,100.31715728752539,100.94142135623731,191.0585786437627
ostium_to_C0,22,ostium,C0,-22.334856512831323,-41.97445906890073,-10.981682489800079,7.900676355751339,58.0,101.46694702144308,102.1546918160678,191.0
ostium_to_C0,23,ostium,C0,-22.234438252610317,-41.83472531643605,-10.91465285936144,7.628799406673601,58.0,102.61673675536078,103.39222634461022,191.0
ostium_to_C0,24,ostium,C0,-22.13410168747319,-41.695149750413094,-10.84795569702996,7.356801515923224,58.0,103.76652648927848,104.62976087315263,191.0
ostium_to_C0,25,ostium,C0,-22.033847103877882,-41.555732877011735,-10.781591561109792,7.084682903603225,58.0,104.91631622319616,105.86729540169506,191.0
ostium_to_C0,26,ostium,C0,-21.932079302121373,-41.41850732977322,-10.726308908881862,6.827021352117188,58.046743970552036,106.04674397055203,107.07412595454224,191.07412595454224
ostium_to_C0,27,ostium,C0,-21.817915578826423,-41.276435774152645,-10.78394224899219,6.770749717343105,58.85976808834391,106.85976808834391,107.94919501162708,191.94919501162707
ostium_to_C0,28,ostium,C0,-21.71872107819128,-41.12758101528068,-10.724263746133033,6.526551102769726,59.0,107.95147186257614,109.16568542494923,192.0
ostium_to_C0,29,ostium,C0,-21.514916354497103,-40.87796739491459,-10.63846231650666,6.2540374503038905,59.0,109.10126159649384,110.40321995349166,192.0
ostium_to_C0,30,ostium,C0,-21.339743649708097,-40.66816771707794,-10.571554989988007,5.981403997196286,59.0,110.25105133041154,111.64075448203408,192.0
ostium_to_C0,31,ostium,C0,-21.193167459275745,-40.49811332466513,-10.523398378966146,5.7086509669052665,59.0,111.40084106432923,112.87828901057651,192.0
ostium_to_C0,32,ostium,C0,-21.06393563852682,-40.3989491275639,-10.545589703126446,5.507563873264936,59.0,112.55063079824691,113.78900639111856,192.78900639111856
ostium_to_C0,33,ostium,C0,-20.976179950969787,-40.303333469269056,-10.52646532810258,5.253848783348931,59.0,113.70042053216461,114.93914450528825,193.0
ostium_to_C0,34,ostium,C0,-20.919324521286995,-40.240560007851705,-10.514567363687,4.992206288945485,59.0,114.85021026608231,116.12493094291516,193.12493094291517
ostium_to_C0,35,ostium,C0,-20.892112003901232,-40.213965334164186,-10.515400235204979,4.7988695626225155,59.0,116.0,117.0,194.0
C0_to_C1,0,C0,C1,-20.892112003901232,-40.213965334164186,-10.515400235204979,4.699013343048844,60.0,117.0,118.0,194.0
C0_to_C1,1,C0,C1,-20.862616624259857,-40.158515314416434,-10.48204995396219,4.672327396575225,61.10867223595124,118.0,118.54404812673197,194.0
C0_to_C1,2,C0,C1,-20.80958085642137,-40.03233925078219,-10.412835973785285,4.729994690091537,62.4465789687491,118.44657896874911,119.06229345822148,193.93770654177854
C0_to_C1,3,C0,C1,-20.7281748433324,-39.8247363118575,-10.273786820018065,4.776957305374698,63.74023027022682,119.0,119.44699357792548,193.5530064220745
C0_to_C1,4,C0,C1,-20.59815419330812,-39.53346679857994,-10.056217675347847,4.772738003079127,64.8931579374982,119.8931579374982,119.83169369762949,193.1683063023705
C0_to_C1,5,C0,C1,-20.47203391122835,-39.18263312832889,-9.841130011342683,4.843821290962531,66.26289403127949,120.26289403127949,120.30602707128674,193.0
C0_to_C1,6,C0,C1,-20.289081600890352,-38.759898165361136,-9.584130071716157,4.856710875668705,67.48046054045363,121.0,120.8500751980187,193.0
C0_to_C1,7,C0,C1,-20.156015992574453,-38.28652659892097,-9.362118888307918,4.980798073366765,69.00334633877796,121.0,121.39412332475067,193.0
C0_to_C1,8,C0,C1,-20.08157451353372,-38.04445155596714,-9.257063685382775,5.048784065976275,70.37210231262333,121.37210231262333,121.93817145148263,193.0
C0_to_C1,9,C0,C1,-19.97829439148982,-37.794687746393336,-9.125631631023111,5.078185631257235,71.63490437305353,122.0,122.4822195782146,193.0
C0_to_C1,10,C0,C1,-19.9331263803131,-37.56007309892607,-9.047362690765539,5.185536037418312,73.11157450018588,122.11157450018588,123.02626770494655,193.0
C0_to_C1,11,C0,C1,-19.800390093791073,-37.302287255698076,-8.888951860970451,5.1756228829731725,74.2664624073291,123.0,123.57031583167851,193.0
C0_to_C1,12,C0,C1,-19.767925925639208,-37.06524588077245,-8.80495883958821,5.301250035864135,75.78934820565344,123.0,124.08086753051539,192.91913246948462
C0_to_C1,13,C0,C1,-19.631420238346802,-36.77963998368969,-8.560341687028938,5.291895093506434,76.92788956271626,123.92788956271626,124.4655676502194,192.5344323497806
C0_to_C1,14,C0,C1,-19.557806229589275,-36.5104522432636,-8.373239708908159,5.366895890556727,78.29762565649754,124.29762565649754,124.8502677699234,192.14973223007658
C0_to_C1,15,C0,C1,-19.40426093852125,-36.21984831382804,-8.112756055054007,5.335011612491316,79.37446853146537,125.37446853146537,125.23496788962743,191.76503211037257
C0_to_C1,16,C0,C1,-19.250568833877715,-35.92894756748146,-7.852006490166701,5.303081263088994,80.45131140643319,126.45131140643319,125.61966800933143,191.38033199066857
C0_to_C1,17,C0,C1,-19.0967296925195,-35.63774955719495,-7.590990619663529,5.271104773284605,81.52815428140102,127.52815428140102,126.00436812903544,190.99563187096456
C0_to_C1,18,C0,C1,-19.011218563792895,-35.36448626456786,-7.39251345377815,5.33072784887338,82.85559518373397,128.0,126.38906824873945,190.61093175126055
C0_to_C1,19,C0,C1,-18.868691893843597,-35.07580470111034,-7.141617691512465,5.314184212978332,83.97473325015012,128.9747332501501,126.77376836844347,190.22623163155654
C0_to_C1,20,C0,C1,-18.71446080895938,-34.783745421348044,-6.879851648854952,5.282128240117569,85.05157612511795,130.05157612511795,127.15846848814748,189.84153151185254
C0_to_C1,21,C0,C1,-18.574643704191125,-34.49527853227593,-6.6311814845911385,5.269508576793048,86.18161189158769,131.0,127.54316860785148,189.4568313921485
C0_to_C1,22,C0,C1,-18.485784964651376,-34.22020076365247,-6.429166371421388,5.325203615143834,87.49815509386706,131.49815509386704,127.92786872755549,189.0721312724445
C0_to_C1,23,C0,C1,-18.331160258053195,-33.92727644162889,-6.16664691454514,5.293067900715589,88.57499796883488,132.57499796883488,128.3125688472595,188.6874311527405
C0_to_C1,24,C0,C1,-18.176387050532327,-33.63405177690339,-5.903858457282126,5.26088568861007,89.6518408438027,133.65184084380272,128.69726896696352,188.30273103303648
C0_to_C1,25,C0,C1,-18.101843566753153,-33.362125072499126,-5.714643558521402,5.336139139710735,91.02157693758399,134.02157693758397,129.08196908666753,187.91803091333247
C0_to_C1,26,C0,C1,-17.946823550601387,-33.068331913467546,-5.451367426651217,5.303923423920979,92.09841981255181,135.0984198125518,129.46666920637153,187.53333079362847
C0_to_C1,27,C0,C1,-17.811601539612916,-32.77961137252581,-5.206155231217281,5.298327536883131,93.24785886966824,136.0,129.85136932607554,187.14863067392446
C0_to_C1,28,C0,C1,-17.716512985804478,-32.51816113705409,-5.049022557338276,5.342933699457209,94.54499878130092,136.54499878130093,130.33385261188334,187.0
C0_to_C1,29,C0,C1,-17.631400766742164,-32.26976497187076,-4.933340654037494,5.398699665269093,95.87941690394382,137.0,130.87790073861532,187.0
C0_to_C1,30,C0,C1,-17.48550940735136,-31.983630939092592,-4.6968280538270335,5.37790687220575,96.99157775005003,137.99157775005003,131.29836290400104,186.70163709599896
C0_to_C1,31,C0,C1,-17.337684856265405,-31.69060408883699,-4.43963466230494,5.356000585375721,98.0967613758463,139.0,131.68306302370505,186.31693697629495
C0_to_C1,32,C0,C1,-17.254715332552074,-31.419740895911517,-4.256764311832001,5.4198327249927605,99.43815671879914,139.43815671879915,132.09583155643813,186.0
C0_to_C1,33,C0,C1,-17.15715245210162,-31.167297298222365,-4.129466314548296,5.459360487059277,100.72831941012187,140.0,132.63987968317008,186.0
C0_to_C1,34,C0,C1,-17.022650861775446,-30.904656688254065,-3.9681378421466036,5.449641715398203,101.88473568754824,140.88473568754824,133.18392780990206,186.0
C0_to_C1,35,C0,C1,-16.946919471684517,-30.657875582483683,-3.8609198138671275,5.518483286507903,103.25447178132951,141.25447178132953,133.727975936634,186.0
C0_to_C1,36,C0,C1,-16.79052986084838,-30.375184583512834,-3.637394044284008,5.482754347603029,104.33131465629735,142.33131465629737,134.192350059852,185.807649940148
C0_to_C1,37,C0,C1,-16.68092865131938,-30.091277760499793,-3.4148830997475557,5.512652023762176,105.57722191629993,143.0,134.577050179556,185.422949820444
C0_to_C1,38,C0,C1,-16.558731089500128,-29.803689411136702,-3.18064462164142,5.525878189556141,106.77789362504646,143.77789362504646,134.96175029926002,185.03824970073998
C0_to_C1,39,C0,C1,-16.482810724902528,-29.553461589704156,-3.0647485078139596,5.595459872196717,108.14762971882773,144.14762971882774,135.48995488118877,185.0
C0_to_C1,40,C0,C1,-16.351530175927024,-29.288919131035954,-2.90088593117639,5.591034152682904,109.31745218652675,145.0,136.0240437574815,184.9759562425185
C0_to_C1,41,C0,C1,-16.25012286798396,-29.006420579169358,-2.685582047317979,5.632365981718391,110.59420868757684,145.59420868757684,136.40874387718551,184.59125612281449
C0_to_C1,42,C0,C1,-16.093253915208447,-28.708415514544456,-2.4189778989936883,5.599866029338211,111.67105156254468,146.67105156254468,136.79344399688952,184.20655600311048
C0_to_C1,43,C0,C1,-16.01725491013646,-28.445339267910953,-2.265958562776092,5.672465214497683,113.04078765632595,147.04078765632596,137.25193382574355,184.0
C0_to_C1,44,C0,C1,-15.873319766024814,-28.178290978081932,-2.0954740948249366,5.651212816495445,114.16635469270481,148.0,137.7959819524755,184.0
C0_to_C1,45,C0,C1,-15.78371276401105,-27.90865504638782,-1.9223587172911607,5.70642683794786,115.48736662507505,148.48736662507505,138.240437574815,183.759562425185
C0_to_C1,46,C0,C1,-15.626375994102917,-27.60958378915923,-1.6549126082253167,5.673855304101166,116.56420950004288,149.5642095000429,138.625137694519,183.374862305481
C0_to_C1,47,C0,C1,-15.468879172117001,-27.310917139603376,-1.3893460826545265,5.641063792446159,117.64105237501072,150.6410523750107,139.0139127702983,183.0
C0_to_C1,48,C0,C1,-15.392380446300702,-27.061808322537487,-1.2809649037960469,5.71012993440864,119.010788468792,151.010788468792,139.55796089703028,183.0
C0_to_C1,49,C0,C1,-15.234451725147453,-26.784665409202717,-1.0814383853175116,5.671978522870207,120.08763134375981,152.08763134375982,140.0721312724445,182.9278687275555
C0_to_C1,50,C0,C1,-15.076592634000768,-26.48448760010406,-0.8130931136046797,5.639274330482207,121.16447421872765,153.16447421872763,140.4568313921485,182.5431686078515
C0_to_C1,51,C0,C1,-14.946411403658022,-26.191750667349524,-0.5701964749203228,5.64359868709633,122.3412739067366,154.0,140.8415315118525,182.1584684881475
C0_to_C1,52,C0,C1,-14.841896868589497,-25.922525075164614,-0.4008070157216821,5.678428128486351,123.61105318747676,154.61105318747676,141.31993984158504,182.0
C0_to_C1,53,C0,C1,-14.68345891111151,-25.649702422071215,-0.2164669056108437,5.638857381810357,124.68789606244458,155.6878960624446,141.863987968317,182.0
C0_to_C1,54,C0,C1,-14.525029288109762,-25.35546722873049,0.03160034244390886,5.604324233064417,125.76473893741242,156.7647389374124,142.288525089778,181.711474910222
C0_to_C1,55,C0,C1,-14.366490747837766,-25.053864049821357,0.30112881596488705,5.571438961433046,126.84158181238024,157.84158181238024,142.673225209482,181.326774790518
C0_to_C1,56,C0,C1,-14.207779599916554,-24.756221154271373,0.5581412894195807,5.537483676737635,127.91842468734806,158.91842468734805,143.0819187861398,181.0
C0_to_C1,57,C0,C1,-14.048836385304007,-24.48243410412276,0.7431584412778136,5.497712668042014,128.9952675623159,159.9952675623159,143.62596691287177,181.0
C0_to_C1,58,C0,C1,-13.877251855920331,-24.27566917096304,0.9440350591381446,5.338254343441508,129.36500365609717,161.36500365609717,144.1202187874075,180.8797812125925
C0_to_C1,59,C0,C1,-13.718140542967351,-23.972979297826782,1.2144874056787387,5.305114276431005,130.441846531065,162.441846531065,144.50491890711152,180.49508109288848
C0_to_C1,60,C0,C1,-13.558873747935486,-23.669974344867015,1.4852210199250635,5.271926001432401,131.51868940603282,163.51868940603282,144.88961902681552,180.11038097318448
C0_to_C1,61,C0,C1,-13.388909877262357,-23.451389516512435,1.6860542242095278,5.131179140802368,132.0,164.84220982862212,145.38794585742653,180.0
C0_to_C1,62,C0,C1,-13.227396137017514,-23.188594142919328,1.8700561718448796,5.071833354560847,132.96526837478194,165.96526837478194,145.9319939841585,180.0
C0_to_C1,63,C0,C1,-13.066967885068852,-22.892953652546495,2.1300921106178805,5.030325595548865,134.0,167.0595543005246,146.336612604741,179.663387395259
C0_to_C1,64,C0,C1,-12.88816464732594,-22.705524883222438,2.3846070474228043,4.81100319951331,134.0,168.58244009884893,146.72131272444503,179.27868727555497
C0_to_C1,65,C0,C1,-12.572373355200845,-22.269734996005997,2.7433340088258973,4.724574772532596,134.78158343731232,169.78158343731232,147.14992480198129,179.0
C0_to_C1,66,C0,C1,-12.296678210900666,-21.967939817242282,2.981716167549771,4.535911363041534,135.0,171.2139981331245,147.69397292871326,179.0
C0_to_C1,67,C0,C1,-12.068760380964513,-21.724623482210507,3.1901901350281667,4.312311406794116,135.0,172.73688393144886,148.1683063023705,178.8316936976295
C0_to_C1,68,C0,C1,-11.898573721452287,-21.481710069177815,3.366724592761589,4.2462309785616394,135.89079171865617,173.89079171865617,148.5530064220745,178.4469935779255
C0_to_C1,69,C0,C1,-11.771210997277986,-21.344404385086083,3.462643041378744,4.04494141693356,136.0,175.36844196572443,148.93770654177854,178.06229345822146
C0_to_C1,70,C0,C1,-11.695830614614442,-21.25950007843032,3.476212913880086,3.927994827910593,136.63026390621872,176.63026390621872,149.45595187326802,178.0
C0_to_C1,71,C0,C1,-11.668527773135784,-21.24098209620295,3.4345561209977546,3.7648004243684845,137.0,178.0,150.0,178.0
C1_to_C3,0,C1,C3,-11.668527773135784,-21.24098209620295,3.4345561209977546,3.278794367197923,137.0,179.0,154.0,182.0
C1_to_C3,1,C1,C3,-11.651399901014424,-21.269218058878565,3.343284288986577,2.8810742791870134,135.67943921562426,180.32056078437574,154.95331824078377,182.95331824078377
C1_to_C3,2,C1,C3,-11.594983132582666,-21.27976024790271,3.2590591192527802,2.4734787974941614,135.0,181.90668281765824,156.199529700381,183.199529700381
C1_to_C3,3,C1,C3,-11.464896551564816,-21.24201648897982,3.1814615992345927,2.178670619721878,135.0,183.77423778886043,157.21615963137603,184.0
C1_to_C3,4,C1,C3,-11.280046837110572,-21.143458507057108,3.1472513459624354,1.8456286009525356,135.0,185.64179276006266,158.399059400762,184.399059400762
C1_to_C3,5,C1,C3,-11.028310624052033,-21.00671982428559,3.07885216767787,1.627274520452478,135.36016323475937,187.36016323475937,159.3523776415458,185.3523776415458
C1_to_C3,6,C1,C3,-10.727198533320971,-20.772551815695476,3.0581867728317667,1.4280176616859526,136.0,188.96268914009397,160.43231926275206,186.0
C1_to_C3,7,C1,C3,-10.360861494463874,-20.53721618999606,3.057336738217572,1.1090820789613829,136.0,190.83024411129617,161.55190734192678,186.55190734192678
C1_to_C3,8,C1,C3,-10.154848826785294,-20.369860334398624,3.1353732976065203,0.7800941775869399,136.0,192.6977990824984,162.7144968711271,187.0
C1_to_C3,9,C1,C3,-9.955578278969067,-20.122037469105194,3.183620848649383,0.652501843934062,137.0,194.1511404913275,163.75143704230777,187.75143704230777
C1_to_C3,10,C1,C3,-9.756087457361136,-19.935098084267253,3.2929343530950916,0.3041354856126249,137.0,196.0186954625297,164.99667447950216,188.0
C1_to_C3,11,C1,C3,-9.534065441761554,-19.81849549101223,3.2888236792428245,0.022760718254748378,137.0,197.88625043373193,165.95096674268876,188.95096674268876
C1_to_C3,12,C1,C3,-9.328273644409812,-19.59093630546998,3.3039592909971987,0.08585494139691902,138.0,199.33959184256105,166.90428498347254,189.90428498347254
C1_to_C3,13,C1,C3,-9.079740510632176,-19.435087966173654,3.3139653128208124,0.08978338398988614,138.85358169789973,200.85358169789973,167.0,191.2128341108782
C1_to_C3,14,C1,C3,-8.841427650378435,-19.286581753494147,3.3197418233875737,0.18080319173765808,139.46703570108892,202.46703570108892,167.396707902667,192.396707902667
C1_to_C3,15,C1,C3,-8.624223709007463,-19.04589812137276,3.340081836858019,0.18109970245463655,140.78759648546463,203.78759648546463,168.0,193.49501171925323
C1_to_C3,16,C1,C3,-8.378564116550802,-18.844201860537865,3.3588753431875205,0.08984218437990095,142.10815726984038,205.10815726984038,168.0,194.8432073046273
C1_to_C3,17,C1,C3,-8.172486273075737,-18.58799011592619,3.3795484167216046,0.1264543617933358,143.4287180542161,206.4287180542161,168.84244906264522,195.84244906264522
C1_to_C3,18,C1,C3,-7.938281846187896,-18.37034244940692,3.398675437532205,0.0725422429891035,144.74927883859183,207.74927883859183,169.08866052224246,197.08866052224246
C1_to_C3,19,C1,C3,-7.735328254776556,-18.109585443323923,3.419280675084252,0.11968094300930165,146.06983962296755,209.06983962296755,170.0,198.05936693600333
C1_to_C3,20,C1,C3,-7.5029693561041295,-17.88917476372592,3.438268129036345,0.07214206637795421,147.3904004073433,210.3904004073433,170.28819022262346,199.28819022262346
C1_to_C3,21,C1,C3,-7.290499163557748,-17.641272065216228,3.4581580395976914,0.08900864970866582,148.710961191719,211.710961191719,171.0,200.3415445443784
C1_to_C3,22,C1,C3,-7.067410997279862,-17.40787368162131,3.4773859949010557,0.07181354799174659,150.03152197609475,213.03152197609475,171.48771992300445,201.48771992300445
C1_to_C3,23,C1,C3,-6.866205406916486,-17.144216308739104,3.4976217003334966,0.125486844161931,151.3520827604705,214.3520827604705,172.44103816378822,202.44103816378822
C1_to_C3,24,C1,C3,-6.664952176649854,-16.88051089207177,3.517727809694236,0.1792210572735428,152.6726435448462,215.6726435448462,173.394356404572,203.394356404572
C1_to_C3,25,C1,C3,-6.447244418581459,-16.639339171641126,3.5368868926313723,0.1800568971091151,153.99320432922195,216.99320432922195,174.0,204.4916861987554
C1_to_C3,26,C1,C3,-6.228920895956965,-16.398898532464642,3.5558989223397077,0.1791197807041289,155.31376511359767,218.31376511359767,174.59388610495301,205.59388610495301
C1_to_C3,27,C1,C3,-6.001673028114821,-16.170637839929,3.574343277817519,0.14957596617680732,156.6343258979734,219.6343258979734,175.0,206.77386380713045
C1_to_C3,28,C1,C3,-5.792645955732719,-15.917155817564634,3.5935928729551563,0.17909046017070365,157.95488668234916,220.95488668234916,175.793415805334,207.793415805334
C1_to_C3,29,C1,C3,-5.673646949896006,-15.675393017255487,3.539705679957507,0.1224721338913662,159.56834068553832,221.56834068553832,176.74673404611778,208.74673404611778
C1_to_C3,30,C1,C3,-5.439034027661213,-15.457032177646397,3.5574033892984573,0.06963177967894456,160.88890146991406,222.88890146991406,177.0,209.99002343850648
C1_to_C3,31,C1,C3,-5.237084380014002,-15.193483680827754,3.576675701776594,0.12255735691068825,162.2094622542898,224.2094622542898,177.94626374649877,210.94626374649877
C1_to_C3,32,C1,C3,-5.097349447742313,-14.946111255217644,3.540804741749298,0.09371049457994808,163.74956576965099,225.0,178.89958198728257,211.89958198728257
C1_to_C3,33,C1,C3,-4.916353558720633,-14.6875975592327,3.5414644026453743,0.12011027390851108,165.1434770418547,226.1434770418547,179.85290022806635,212.85290022806635
C1_to_C3,34,C1,C3,-4.681191319323646,-14.469615282482806,3.558658136175893,0.06621286885309767,166.46403782623045,227.46403782623045,180.09911168766357,214.09911168766357
C1_to_C3,35,C1,C3,-4.4793927554976,-14.205436829396888,3.5774717465578476,0.12038840072642736,167.78459861060617,228.78459861060617,181.05242992844734,215.05242992844734
C1_to_C3,36,C1,C3,-4.360280898992543,-13.963575490388067,3.5227255204872847,0.06395232078377848,169.39805261379536,229.39805261379536,182.0057481692311,216.0057481692311
C1_to_C3,37,C1,C3,-4.15841323741437,-13.699314902942092,3.541299751006619,0.11822348216346068,170.71861339817107,230.71861339817107,182.95906641001488,216.95906641001488
C1_to_C3,38,C1,C3,-3.9230362026464043,-13.481253457647128,3.5580056262472226,0.06434581397922191,172.03917418254682,232.03917418254682,183.2052778696121,218.2052778696121
C1_to_C3,39,C1,C3,-3.763193060612287,-13.22832724492126,3.5389757338094796,0.06236881493719592,173.5087420690817,233.0,184.1585961103959,219.1585961103959
C1_to_C3,40,C1,C3,-3.5965820604609418,-12.982310003175712,3.520829977843249,0.0452307991525151,174.97318897011172,233.97318897011172,185.0,220.1582707932625
C1_to_C3,41,C1,C3,-3.3663536063693957,-12.756881813759136,3.537434735407146,0.008493306005255486,176.29374975448746,235.29374975448746,185.3581258107769,221.3581258107769
C1_to_C3,42,C1,C3,-3.236273948415028,-12.512002172537507,3.4915823141568865,0.03326110445080911,177.86876629556906,236.0,186.31144405156067,222.31144405156067
C1_to_C3,43,C1,C3,-3.032484255395576,-12.267832505717081,3.499136409207381,0.033880326515065076,179.2277645420524,237.2277645420524,187.0,223.3744304246385
C1_to_C3,44,C1,C3,-2.873694510006004,-12.049871632115156,3.4587347371381156,0.13305988872457192,180.7754491132273,238.0,187.51097375194166,224.51097375194166
C1_to_C3,45,C1,C3,-2.709096709221452,-11.795564203875074,3.443055176939623,0.12872443702664146,182.22879052205639,239.0,188.46429199272546,225.46429199272546
C1_to_C3,46,C1,C3,-2.551097457848662,-11.57591110111565,3.402748212617098,0.22362715668817226,183.77523333280647,239.77523333280647,189.0,226.59059005601455
C1_to_C3,47,C1,C3,-2.346344132423055,-11.33339191779325,3.409432790119382,0.22844611095105236,185.13547333971462,241.0,189.66382169310646,227.66382169310646
C1_to_C3,48,C1,C3,-2.1866233374460036,-11.129048574516048,3.36140430200939,0.36431034905417725,186.7092481203714,241.7092481203714,190.0,228.87276766438958
C1_to_C3,49,C1,C3,-1.9799731860327272,-10.870256092861837,3.378379722265521,0.32346763527458683,188.0298089047471,243.0298089047471,190.86335139348745,229.86335139348745
C1_to_C3,50,C1,C3,-1.818739621907315,-10.616805337905362,3.3589944927828412,0.32366437171396945,189.495497566202,244.0,191.81666963427122,230.81666963427122
C1_to_C3,51,C1,C3,-1.624755566420036,-10.41021596029421,3.3368117966902275,0.43347035792911426,190.96382369231205,244.96382369231205,192.06288109386847,232.06288109386847
C1_to_C3,52,C1,C3,-1.4222309396646324,-10.145375659784378,3.3536926837509498,0.3787043922294216,192.28438447668776,246.28438447668776,193.01619933465224,233.01619933465224
C1_to_C3,53,C1,C3,-1.219661288265191,-9.88049110247124,3.3704411980737063,0.3238771355700332,193.6049452610635,247.6049452610635,193.96951757543602,233.96951757543602
C1_to_C3,54,C1,C3,-1.0668284680262212,-9.685279611072218,3.311361851751144,0.4886273176238313,195.2183992642527,248.2183992642527,194.21572903503323,235.21572903503323
C1_to_C3,55,C1,C3,-0.8561656484151827,-9.43151040104263,3.3274006576399984,0.45975916739846345,196.53896004862844,249.53896004862844,195.0,236.23906895014267
C1_to_C3,56,C1,C3,-0.7113275136296024,-9.225201285692066,3.268484885813791,0.5985222669941221,198.1524140518176,250.1524140518176,195.41525873541426,237.41525873541426
C1_to_C3,57,C1,C3,-0.49113201602687406,-8.984608636506437,3.283690094110483,0.6003371790959987,199.47297483619334,251.47297483619334,196.0,238.5212465585177
C1_to_C3,58,C1,C3,-0.2723013112003413,-8.741995024715067,3.298864265529488,0.5975075125705386,200.79353562056906,252.79353562056906,196.61478843579525,239.61478843579525
C1_to_C3,59,C1,C3,-0.15290500900299608,-8.500043597872121,3.241156167731333,0.6534047069403345,202.40698962375825,253.40698962375825,197.56810667657902,240.56810667657902
C1_to_C3,60,C1,C3,0.07466678211454625,-8.269535076133025,3.2555207321874775,0.6787187714669063,203.727550408134,254.727550408134,198.0,241.73740618989376
C1_to_C3,61,C1,C3,0.3142029899988027,-8.065289381793633,3.263569479934347,0.7688327201742583,205.06803950094917,256.0,198.0605295957735,243.0605295957735
C1_to_C3,62,C1,C3,0.4399749310807038,-7.822693697173207,3.2104335089266556,0.8192682597385047,206.6615651956989,256.6615651956989,199.0,244.0195837982688
C1_to_C3,63,C1,C3,0.6758237929505317,-7.603615081199223,3.2238499387148067,0.8710972576876264,207.98212598007464,257.9821259800746,199.26005929615448,245.26005929615448
C1_to_C3,64,C1,C3,0.805373631885809,-7.37592209909883,3.1647602894337297,0.9598250222865548,209.5955799832638,258.5955799832638,200.0,246.30176140664383
C1_to_C3,65,C1,C3,1.0318554395744217,-7.143546153632627,3.178556280406667,0.9808789100131429,210.91614076763955,259.91614076763955,200.45958899653547,247.45958899653547
C1_to_C3,66,C1,C3,1.1708619611638191,-6.929221622786088,3.1185005538159203,1.1003886988223022,212.52959477082874,260.52959477082874,201.0,248.5839390150189
C1_to_C3,67,C1,C3,1.3042418363859722,-6.707021490361228,3.0586755719348844,1.2015639287822748,214.14304877401793,261.1430487740179,201.6591186969165,249.6591186969165
C1_to_C3,68,C1,C3,1.5364389937179805,-6.482593610595785,3.0716537849146732,1.2409589284772982,215.46360955839364,262.46360955839367,202.0,250.86611662339396
C1_to_C3,69,C1,C3,1.6938233325186753,-6.294481667543835,3.009683052345622,1.4205487838786306,217.07706356158283,263.07706356158286,202.15154161611093,252.15154161611093
C1_to_C3,70,C1,C3,1.9021038025279176,-6.036039406360459,3.0242194683177104,1.3815353498052574,218.39762434595855,264.39762434595855,203.0,253.148294231769
C1_to_C3,71,C1,C3,2.066648125799814,-5.858236664854616,2.9613150681256855,1.5845891481815757,220.01107834914774,265.01107834914774,203.0,254.49648981714307
C1_to_C3,72,C1,C3,2.2475188564847848,-5.627781714316541,2.939860032841608,1.636423739680724,221.46900856044252,266.0,203.59728277608917,255.59728277608917
C1_to_C3,73,C1,C3,2.4323977274230506,-5.411905392793557,2.9129122653159243,1.7252216549438835,222.94509313671264,266.9450931367126,204.0,256.77866742551817
C1_to_C3,74,C1,C3,2.645116147434493,-5.213450210918296,2.896114736117056,1.845234311562824,224.37569137810073,268.0,204.0897056952836,258.0897056952836
C1_to_C3,75,C1,C3,2.7982326519523917,-4.965651480116179,2.8639206221931204,1.8658593455653374,225.87910792427752,268.87910792427755,205.0,259.0608450338932
C1_to_C3,76,C1,C3,3.0230752657269346,-4.771095653429825,2.8533739559877063,1.9894475512460528,227.28237419575893,270.0,205.0,260.4090406192673
C1_to_C3,77,C1,C3,3.1860665491311058,-4.550875918741696,2.812429446558525,2.0784411461722323,228.8131227118424,270.8131227118424,205.53544685526185,261.53544685526185
C1_to_C3,78,C1,C3,3.396898295437021,-4.322756469584334,2.8104112490535442,2.1197846687117545,230.18905701341714,272.0,206.0,262.6912182276423
C1_to_C3,79,C1,C3,3.5426532211585506,-4.091326312284821,2.7630536316210623,2.1882135073844102,231.7471374994073,272.7471374994073,206.73497655564287,263.73497655564285
C1_to_C3,80,C1,C3,3.7788837645506583,-3.872166842937901,2.774008453917844,2.23950398683307,233.06769828378305,274.06769828378305,207.0,264.9733958360174
C1_to_C3,81,C1,C3,3.981377183020638,-3.6843005303003906,2.7427091451420154,2.392817144335135,234.54908123990444,275.0,207.0,266.3215914213914
C1_to_C3,82,C1,C3,4.169840198789445,-3.461968925415448,2.7206160052635937,2.4618357208294253,236.00171307134792,276.0017130713479,207.47361093443453,267.47361093443453
C1_to_C3,83,C1,C3,4.393886294977582,-3.2250999232436186,2.7322868877965334,2.4726461411495335,237.32227385572364,277.32227385572367,208.0,268.6037690297665
C1_to_C3,84,C1,C3,4.5660351356518,-3.0461976872226444,2.6735270939641396,2.6659903275693937,238.90910546639176,278.0,208.0,269.9519646151406
C1_to_C3,85,C1,C3,4.807260610807008,-2.8474427838035012,2.6757009716843356,2.7686156356778526,240.25628864328854,279.25628864328854,208.0,271.30016020051465
C1_to_C3,86,C1,C3,5.034643794266851,-2.615222816814338,2.6866566961263914,2.790018788727566,241.57684942766426,280.5768494276643,208.45845677282344,272.45845677282347
C1_to_C3,87,C1,C3,5.258174144546524,-2.3773164726862603,2.697874585665545,2.798512858352663,242.89741021203997,281.89741021204,209.0,273.5823378088897
C1_to_C3,88,C1,C3,5.422639722419818,-2.2009788846886806,2.6315003312440126,3.002084459651559,244.51086421522916,282.51086421522916,209.0,274.93053339426376
C1_to_C3,89,C1,C3,5.671706797977716,-2.000156211139114,2.639815061822759,3.09476599586543,245.83142499960488,283.83142499960485,209.0,276.27872897963783
C1_to_C3,90,C1,C3,5.920824157565873,-1.7993783650147464,2.647960753749544,3.187494808448976,247.1519857839806,285.1519857839806,209.0,277.6269245650119
C1_to_C3,91,C1,C3,6.169991604099895,-1.5986455730260047,2.6559372569263076,3.280270854588267,248.4725465683563,286.47254656835634,209.0,278.975120150386
C1_to_C3,92,C1,C3,6.323670353490173,-1.4070640700930142,2.589778980403821,3.4484515827304785,250.08600057154547,287.08600057154547,209.22861874922026,280.22861874922023
C1_to_C3,93,C1,C3,6.536693746248248,-1.1533870567022575,2.601388752945212,3.4212809848766126,251.4065613559212,288.4065613559212,210.0,281.25729775876107
C1_to_C3,94,C1,C3,6.785975565106286,-0.9527632951649991,2.608877441892588,3.514147247279104,252.72712214029693,289.7271221402969,210.0,282.6054933441351
C1_to_C3,95,C1,C3,7.035306741765645,-0.7521854513979349,2.6161964158252715,3.6070605675762213,254.04768292467264,291.04768292467264,210.0,283.9536889295092
C1_to_C3,96,C1,C3,7.284687077660992,-0.5516537529950938,2.623345525369757,3.7000209024074238,255.36824370904836,292.3682437090484,210.0,285.3018845148832
C1_to_C3,97,C1,C3,7.451273312287281,-0.3755957924503548,2.556912609666739,3.9010820402873545,256.9741166564239,293.0,210.0,286.65008010025736
C1_to_C3,98,C1,C3,7.698497327246928,-0.17585944948760357,2.5617207426779203,3.997007760792701,258.30225849661326,294.30225849661326,210.0,287.99827568563137
C1_to_C3,99,C1,C3,7.936503948371452,0.041454206180418396,2.5696907158277043,4.051916518539303,259.622819280989,295.622819280989,210.2449921852143,289.2449921852143
C1_to_C3,100,C1,C3,8.150687984552263,0.2941107086033412,2.5803943062659584,4.027307305312655,260.9433800653647,296.9433800653647,211.0,290.2804532940064
C1_to_C3,101,C1,C3,8.400276843562233,0.49443605597133455,2.5867129924347125,4.120450812391028,262.26394084974044,298.26394084974044,211.0,291.62864887938053
C1_to_C3,102,C1,C3,8.649913727025766,0.6947139340134356,2.5928609939506657,4.213641068470793,263.5845016341161,299.5845016341161,211.0,292.9768444647546
C1_to_C3,103,C1,C3,9.13003850031887,1.040164377098285,2.6040828553231137,4.306878029403946,264.90506241849187,300.90506241849187,211.0,294.3250400501287
C1_to_C3,104,C1,C3,9.538858802077586,1.3283719636520377,2.6134748248246233,4.400161650922827,266.22562320286755,302.22562320286755,211.0,295.67323563550275
C1_to_C3,105,C1,C3,9.876354107502486,1.559357102922728,2.621110095509154,4.4934918886390545,267.5461839872433,303.5461839872433,211.0,297.0214312208768
C1_to_C3,106,C1,C3,10.147307609155837,1.6992915583770412,2.622294081512239,4.463337874693521,268.1596379904325,305.1596379904325,211.0,298.3696268062509
C1_to_C3,107,C1,C3,10.342663971967125,1.8118546698144633,2.6260824352695824,4.472845745159347,269.0,306.6791036199687,211.0,299.71782239162496
C1_to_C3,108,C1,C3,10.465172656749488,1.8757998186100986,2.6294987854418537,4.39579386968245,269.3865459968108,308.3865459968108,211.04668175921623,301.04668175921626
C1_to_C3,109,C1,C3,10.512678896737828,1.9114859563571684,2.6355510124970323,4.216598620045074,270.0,310.0,212.0,302.0
C3_to_C4,0,C3,C4,10.512678896737828,1.9114859563571684,2.6355510124970323,4.426556724908425,271.0,311.0,211.0,303.0
C3_to_C4,1,C3,C4,10.574024206335503,1.887587240145657,2.5966160279716064,5.014346176938225,271.8424366106925,311.8424366106925,208.0,306.590688519777
C3_to_C4,2,C3,C4,10.693010622289187,1.8053869387343033,2.3768535543236675,5.242755965265378,272.68487322138503,312.68487322138503,207.7140393722471,310.7140393722471
C3_to_C4,3,C3,C4,10.833956947095286,1.6387463957725246,1.8823851236464333,5.496569929559515,273.74572871609683,313.0,208.0,315.4289198088234
C3_to_C4,4,C3,C4,10.994301547010899,1.3783842512523057,1.1247058383375577,5.843678861821989,274.93711399637783,313.0,208.0,320.2622490157197
C3_to_C4,5,C3,C4,11.24772658252732,1.0574776675974005,0.1757223614409732,6.055152290385775,275.79796949108953,313.79796949108953,208.06758400934555,325.0675840093455
C3_to_C4,6,C3,C4,11.52442722519563,0.7151384259620934,-0.9917887183884792,6.124652826197787,276.6404061017821,314.6404061017821,209.0,329.5146938671392
C3_to_C4,7,C3,C4,11.840902276775328,0.3204620017448292,-2.383072835406608,6.183514072297192,277.4828427124746,315.4828427124746,210.0,333.93380951166245
C3_to_C4,8,C3,C4,11.988414334940131,0.12526297505922912,-3.1688615066458112,6.242271296661029,278.32527932316714,316.32527932316714,211.0,338.3529251561856
C3_to_C4,9,C3,C4,12.135588715614885,-0.06984977567148576,-3.9537123173951727,6.300924657500638,279.16771593385965,317.16771593385965,212.0,342.77204080070885
C3_to_C4,10,C3,C4,12.243793026359256,-0.20573850796199622,-4.731789246866839,6.228642904072696,280.0101525445522,318.0101525445522,213.84227479987766,346.84227479987766
C3_to_C4,11,C3,C4,12.337245824837591,-0.3195297145755376,-5.506855425352683,6.107466423347349,280.85258915524474,318.85258915524474,216.0,350.7818449650091
C3_to_C4,12,C3,C4,12.354129443158373,-0.46933408648345676,-6.35511828256233,6.118391489310129,281.9829148643872,319.0,218.0,354.7867470471592
C3_to_C4,13,C3,C4,12.452919140444635,-0.5946194214312186,-7.130614079907588,6.0236931673901495,282.8303555954433,319.8303555954433,220.0,358.7916491293093
C3_to_C4,14,C3,C4,12.552887026990783,-0.7195100112788282,-7.904002204285604,5.927232704000528,283.6727922061358,320.6727922061358,222.0,362.7965512114594
C3_to_C4,15,C3,C4,12.545045627471389,-0.7930236751315363,-8.723686143691396,5.75552223810795,284.72864358048406,321.0,225.0,366.38723973123643
C3_to_C4,16,C3,C4,12.576456121862293,-0.8563425944014682,-9.509030575852734,5.536567185647956,285.6505586463343,321.6505586463343,227.984392916619,369.98439291661896
C3_to_C4,17,C3,C4,12.643107676141504,-0.9321469053468263,-10.27554133408509,5.330649954280688,286.49299525702685,322.49299525702685,230.6949659933358,373.6949659933358
C3_to_C4,18,C3,C4,12.669491949185613,-1.0199002724645538,-11.075846373904426,5.1765819782047044,287.47437229658084,323.0,233.40553907005264,377.4055390700526
C3_to_C4,19,C3,C4,12.658901190324151,-1.0601748972295297,-11.874892508518741,4.919049568807059,288.4707616972253,323.4707616972253,236.82321892795602,380.823218927956
C3_to_C4,20,C3,C4,12.65506239968262,-1.0987381366710167,-12.667284181407808,4.652820959630396,289.4429292947698,324.0,240.2408987858594,384.2408987858594
C3_to_C4,21,C3,C4,12.64143441524197,-1.1404165603350407,-13.467204001205033,4.3992833265709645,290.44852813742386,324.44852813742386,243.65857864376278,387.6585786437628
C3_to_C4,22,C3,C4,12.639809980578345,-1.1788699934304248,-14.25601278815131,4.130235598856516,291.41148629295867,325.0,247.07625850166613,391.07625850166613
C3_to_C4,23,C3,C4,12.604578529275706,-1.145139142785439,-14.941421084825663,3.812693167462737,292.42629457762234,325.42629457762234,250.786831578383,393.786831578383
C3_to_C4,24,C3,C4,12.57341409614045,-1.0529583098246746,-15.530897642351135,3.4249930305235012,293.38004329114756,326.0,254.70343640922965,396.0
C3_to_C4,25,C3,C4,12.48193141893583,-1.0119733385096765,-16.22447022485241,3.153172487615003,294.57142857142856,326.0,258.5008709506301,398.5008709506301
C3_to_C4,26,C3,C4,12.440650720960534,-0.8994779816595155,-16.78349386690445,2.751092335773372,295.53939084732684,326.53939084732684,262.5043372461604,400.5043372461604
C3_to_C4,27,C3,C4,12.447666963768317,-0.8308148292638009,-17.392591508929286,2.350243397300305,296.3818274580194,327.3818274580194,266.3039290933069,403.0
C3_to_C4,28,C3,C4,12.414822072140495,-0.7167977920554449,-17.94399976318772,1.9363117573293742,297.3171572875254,328.0,270.30883117545693,405.0
C3_to_C4,29,C3,C4,12.320277288082632,-0.4645208089963424,-18.941452711976673,1.583613403484898,298.3595938982179,328.3595938982179,274.2218429139377,407.2218429139377
C3_to_C4,30,C3,C4,12.27383951473249,-0.1903706007293319,-19.679346608845904,1.1144947026239258,299.2020305089104,329.2020305089104,278.3186353397572,409.0
C3_to_C4,31,C3,C4,12.226984111734517,0.057932700019583616,-20.252862747608674,0.6208691966492477,300.044467119603,330.044467119603,282.5216687238117,410.5216687238117
C3_to_C4,32,C3,C4,12.18529080130398,0.25910710898344286,-20.694031873706315,0.1232659358140237,300.8869037302955,330.8869037302955,286.7426530664304,412.0
C3_to_C4,33,C3,C4,12.122642756424701,0.4184471792161974,-21.00494310171049,0.31207717096441373,302.02223355980146,331.02223355980146,291.16176871095365,413.0
C3_to_C4,34,C3,C4,12.105354045747577,0.5232185118712981,-21.18044227702173,0.8555713560158863,302.86467017049404,331.86467017049404,295.58088435547677,414.0
C3_to_C4,35,C3,C4,12.098394504906512,0.5641349023663338,-21.249180578324015,1.290601865334554,304.0,332.0,300.0,415.0
C4_to_distal,0,C4,distal_right,12.098394504906512,0.5641349023663338,-21.249180578324015,1.3612637485171892,305.0,333.0,301.0,416.0
C4_to_distal,1,C4,distal_right,12.153999339669992,0.6128002483499617,-21.221509955000094,1.5829696330813587,305.3647313182978,335.3647313182978,301.3084435906565,416.3084435906565
C4_to_distal,2,C4,distal_right,12.298168386786328,0.7566678737103902,-21.123793584293182,1.6855674404631882,306.43656941778215,337.43656941778215,301.616887181313,416.616887181313
C4_to_distal,3,C4,distal_right,12.531025824464464,0.9958626350338062,-20.9559621764301,1.7882809913862898,307.5084075172665,339.5084075172665,301.9253307719695,416.9253307719695
C4_to_distal,4,C4,distal_right,12.853658654204864,1.3668846118949969,-20.710948319620584,1.735650100937909,309.28735239793735,341.28735239793735,302.0,417.3306068741608
C4_to_distal,5,C4,distal_right,13.268287320546843,1.8482530241517858,-20.39218760435876,1.671443428269682,311.06629727860826,343.06629727860826,302.0,417.7668119832943
C4_to_distal,6,C4,distal_right,13.767670554430003,2.4503329066708215,-19.99941623867763,1.629312907767033,312.84524215927917,344.84524215927917,302.14355476275244,418.14355476275244
C4_to_distal,7,C4,distal_right,14.347999496229312,3.178787384273079,-19.53242773829274,1.6126051561024046,314.6241870399501,346.6241870399501,302.45199835340895,418.45199835340895
C4_to_distal,8,C4,distal_right,14.650449487537202,3.5933291200904875,-19.273483242440903,1.5958925376948203,316.4031319206209,348.4031319206209,302.76044194406546,418.76044194406546
C4_to_distal,9,C4,distal_right,14.953233709858244,4.0083251361589305,-19.014288323276276,1.579175048575292,318.1820768012918,350.1820768012918,303.06888553472197,419.06888553472197
C4_to_distal,10,C4,distal_right,15.173708255448243,4.401029104731208,-18.82244555500506,1.4535163339364552,320.2539149007762,351.2539149007762,303.3773291253785,419.3773291253785
C4_to_distal,11,C4,distal_right,15.473239518298413,4.815815687156629,-18.565965319369724,1.4316640428118714,322.04647074857905,353.0,303.685772716035,419.685772716035
C4_to_distal,12,C4,distal_right,15.697992116149155,5.210281000115231,-18.3707288778551,1.310900871343281,324.1046978809314,354.1046978809314,303.9942163066915,419.9942163066915
C4_to_distal,13,C4,distal_right,15.91282728139112,5.578122458315278,-18.195990725496074,1.1107981693932312,326.2496595777508,355.0,304.0,420.42802573161595
C4_to_distal,14,C4,distal_right,16.14034855384997,5.9491740440436445,-18.01125168595169,0.9257720965122173,328.35125399233664,356.0,304.0,420.8642308407494
C4_to_distal,15,C4,distal_right,16.357893927433558,6.334614467936007,-17.8261614268462,0.7735656945583957,330.45284840692256,357.0,304.2124402974744,421.2124402974744
C4_to_distal,16,C4,distal_right,16.533976766089108,6.716337657380251,-17.671319859327156,0.5875171773562545,332.68494349768224,357.68494349768224,304.5208838881309,421.5208838881309
C4_to_distal,17,C4,distal_right,16.755686343775494,7.1110861953865765,-17.479078658817457,0.46106176751112965,334.7567815971666,358.7567815971666,304.82932747878743,421.82932747878743
C4_to_distal,18,C4,distal_right,16.989832926662285,7.499044777522016,-17.26504879928771,0.2962293490807124,336.82861969665095,359.82861969665095,304.86222893055606,422.13777106944394
C4_to_distal,19,C4,distal_right,17.239355188133846,7.8784670277007365,-17.024071235619857,0.08378188400254365,338.9004577961353,360.9004577961353,304.55378533989955,422.44621466010045
C4_to_distal,20,C4,distal_right,17.489069964223518,8.258121539187925,-16.783067479175116,0.12890564478921845,340.97229589561965,361.97229589561965,304.24534174924304,422.75465825075696
C4_to_distal,21,C4,distal_right,17.731140119553054,8.635523219419866,-16.55644534222347,0.34091819407919555,343.0624148944378,363.0,304.0,423.08923947993765
C4_to_distal,22,C4,distal_right,17.959919802204254,9.00833921758101,-16.371792777411002,0.5273279921319974,345.16400930902364,364.0,304.0,423.5254445890711
C4_to_distal,23,C4,distal_right,18.211108505961917,9.3877658604749,-16.168745848961947,0.6848595669127473,347.18781019407265,365.18781019407265,304.0,423.9616496982046
C4_to_distal,24,C4,distal_right,18.448733574926123,9.763470989333712,-15.97706431091163,0.8604881981692872,349.259648293557,366.259648293557,304.0,424.3978548073381
C4_to_distal,25,C4,distal_right,18.765934261391713,10.162411438294384,-15.719548930218224,0.9328123801786895,351.0545789904081,368.0,304.0,424.8340599164716
C4_to_distal,26,C4,distal_right,19.00856914020838,10.539994219770932,-15.523944969207207,1.1027661937546114,353.11043127371227,369.11043127371227,304.0,425.27026502560506
C4_to_distal,27,C4,distal_right,19.33096265761773,10.940999845944816,-15.262270875890977,1.169332548162934,354.88937615438317,370.88937615438317,304.0,425.70647013473854
C4_to_distal,28,C4,distal_right,19.653706675972614,11.34241341712584,-15.000368513106025,1.235980617135674,356.6683210350541,372.6683210350541,304.0,426.14267524387196
C4_to_distal,29,C4,distal_right,19.97680166188356,11.74423545195259,-14.738237633381743,1.3027105202464926,358.4472659157249,374.4472659157249,304.0,426.57888035300545
C4_to_distal,30,C4,distal_right,20.300248082614754,12.146466469725425,-14.475877989052748,1.3695223772786613,360.22621079639583,376.22621079639583,304.0,427.0150854621389
C4_to_distal,31,C4,distal_right,20.624046406084563,12.549106990407438,-14.213289332257204,1.4364163082258214,362.00515567706674,378.00515567706674,304.0,427.4512905712724
C4_to_distal,32,C4,distal_right,20.948197100865308,12.952157534622813,-13.950471414940381,1.5033924332926156,363.78410055773764,379.78410055773764,304.0,427.8874956804059
C4_to_distal,33,C4,distal_right,21.29016079080041,13.296067617232126,-13.659307259849072,1.50215657736364,365.0,381.79626649522964,303.77110897664124,428.22889102335876
C4_to_distal,34,C4,distal_right,21.630122052982532,13.688806603188794,-13.348403101508069,1.5827869924359408,366.63488353789285,383.63488353789285,303.46266538598474,428.53733461401526
C4_to_distal,35,C4,distal_right,21.968507126912595,14.098201542129175,-13.034912800620873,1.6883062255839667,368.41382841856375,385.41382841856375,303.1542217953282,428.8457782046718
C4_to_distal,36,C4,distal_right,22.303383579315685,14.483779313094288,-12.749070218259192,1.7416460076010978,370.0,387.2726226142411,303.0,429.21810255456677
C4_to_distal,37,C4,distal_right,22.636479064369365,14.830952407895069,-12.49295866658045,1.7205307702633124,371.264611398719,389.264611398719,303.0,429.65430766370025
C4_to_distal,38,C4,distal_right,22.963444125450053,15.231560286306205,-12.229249904999023,1.7804705451090213,373.0,391.0615978810397,303.0,430.0905127728337
C4_to_distal,39,C4,distal_right,23.299286933641135,15.562607375561356,-11.97501289146797,1.7336592142945768,374.11539437887427,393.11539437887427,303.0,430.52671788196716
C4_to_distal,40,C4,distal_right,23.63606198130234,15.889039159954962,-11.721255680677274,1.6793004451067841,375.1872324783586,395.1872324783586,303.0,430.96292299110064
C4_to_distal,41,C4,distal_right,23.976708200877344,16.1864636736629,-11.471405552903235,1.5802175547747008,376.0,397.36638112479733,303.0,431.3991281002341
C4_to_distal,42,C4,distal_right,24.320236905034626,16.46271953458981,-11.224423365663483,1.4484465316199602,376.6238018961407,399.6238018961407,303.0,431.8353332093676
C4_to_distal,43,C4,distal_right,24.675757544502538,16.714415077451918,-10.949964299747023,1.2977943708833453,377.0,401.98378351634216,302.80799341363587,432.19200658636413
C4_to_distal,44,C4,distal_right,25.041739346752298,16.925573244832407,-10.662463325110423,1.096595505026718,377.0,404.4995914933011,302.49954982297936,432.50045017702064
C4_to_distal,45,C4,distal_right,25.408020090176482,17.136789992238874,-10.37489732638457,0.8952225143828042,377.0,407.0153994702601,302.19110623232285,432.80889376767715
C4_to_distal,46,C4,distal_right,25.73617897298339,17.274114204085947,-10.133779711401445,0.6606804204139765,376.62437961185464,409.37562038814536,301.88266264166634,433.11733735833366
C4_to_distal,47,C4,distal_right,25.993204175449062,17.274191878385324,-9.979104776200302,0.3648526233901658,375.5525415123703,411.4474584876297,301.5742190510099,433.4257809489901
C4_to_distal,48,C4,distal_right,26.250202931736403,17.27397807922958,-9.824802671667072,0.06891757545485046,374.48070341288593,413.51929658711407,301.2657754603534,433.7342245396466
C4_to_distal,49,C4,distal_right,26.463311131392388,17.19206409526717,-9.728769777368115,0.26828764507162733,373.0,415.4217771286036,301.0,434.0603418485558
C4_to_distal,50,C4,distal_right,26.6758391949395,17.126709481826254,-9.663417717048532,0.6290021970327313,371.62992043273067,417.37007956726933,301.0,434.4965469576893
C4_to_distal,51,C4,distal_right,26.91886717480954,17.119785370934636,-9.56150691990814,0.9636617893663393,370.5580823332464,419.4419176667536,301.0,434.9327520668228
C4_to_distal,52,C4,distal_right,27.173447437392703,17.11734678397704,-9.416887798232807,1.2658869923200309,369.486244233762,421.513755766238,300.7391078789139,435.2608921210861
C4_to_distal,53,C4,distal_right,27.430116913265593,17.115494934415835,-9.264776425978027,1.562288979311776,368.41440613427767,423.58559386572233,300.4306642882574,435.5693357117426
C4_to_distal,54,C4,distal_right,27.651381389666327,17.045610287480827,-9.155958954287058,1.8887005346038035,367.0,425.5155356391598,300.1222206976009,435.8777793023991
C4_to_distal,55,C4,distal_right,27.90697042124137,17.053802351712676,-9.026663399139437,2.2022132206872853,366.0,427.61713005374565,300.0,436.2633589409836
C4_to_distal,56,C4,distal_right,28.156964834478522,17.0593258178813,-8.918199496668677,2.531038542140075,365.0,429.7187244683315,300.0,436.6995640501171
C4_to_distal,57,C4,distal_right,28.351109648238975,16.951453825823393,-8.86718739455867,2.8985117927519086,363.4199469551538,431.5800530448462,299.90399670681796,437.09600329318204
C4_to_distal,58,C4,distal_right,28.31850329258571,16.585256360589256,-9.02095211960335,3.1893216462242964,361.0780867024968,432.0,299.59555311616145,437.40444688383855
C4_to_distal,59,C4,distal_right,28.380367772184684,16.316661834496557,-9.080913628259538,3.509601574605822,358.98337753737167,433.01662246262833,299.28710952550495,437.71289047449505
C4_to_distal,60,C4,distal_right,28.436778082466994,16.042423389507917,-9.146587221128101,3.828087711780813,356.8748978733251,434.0,298.97866593484844,438.02133406515156
C4_to_distal,61,C4,distal_right,28.495639825288272,15.770699058012866,-9.210107263799927,4.147261226638341,354.77330345873924,435.0,298.6702223441919,438.3297776558081
C4_to_distal,62,C4,distal_right,28.591091378527935,15.536625522759039,-9.237574611600706,4.477900259598562,352.76786323891866,436.23213676108134,298.3617787535354,438.6382212464646
C4_to_distal,63,C4,distal_right,28.771215735720197,15.38957254646158,-9.181332374973522,4.835269299188769,350.9843281919407,438.0,298.0533351628789,438.9466648371211
C4_to_distal,64,C4,distal_right,28.846551166464216,15.15465331366184,-9.173025603653372,5.154222661802253,348.91708025876346,439.08291974123654,297.63922220156127,439.0
C4_to_distal,65,C4,distal_right,29.189375755918203,14.950157818292865,-8.960636675660924,5.507260630197705,347.13813537809256,440.86186462190744,297.2030170924278,439.0
C4_to_distal,66,C4,distal_right,29.529640627567503,14.867693266359314,-8.749541470029296,5.801969390829855,346.0662972786082,442.9337027213918,296.835111172096,439.164888827904
C4_to_distal,67,C4,distal_right,29.795129995116717,14.77526231330195,-8.609468424025424,6.099028655058218,344.9944591791239,445.0055408208761,296.5266675814395,439.4733324185605
C4_to_distal,68,C4,distal_right,29.987767439601186,14.684607105685728,-8.5111362487509,6.396186143508665,343.92262107963955,447.07737892036045,296.218223990783,439.781776009217
C4_to_distal,69,C4,distal_right,30.086861156245156,14.558200097019359,-8.474008796558874,6.752907771740018,342.1436761989687,448.8563238010313,295.87241021826696,440.0
C4_to_distal,70,C4,distal_right,30.119916172707207,14.459656223414633,-8.465548008989174,7.074110861116096,340.10159441458586,450.0,295.4362051091335,440.0
C4_to_distal,71,C4,distal_right,30.128746051262183,14.424559037573232,-8.464923593432559,7.387965698400047,338.0,451.0,295.0,440.0
